spot_id,StdCorr_Rb87_Sr86s_mean,StdCorr_Rb87_Sr86s_2SE(int),StdCorr_Sr87s_Sr86s_mean,StdCorr_Sr87s_Sr86s_2SE(int),87Rb/86Sr - 87Sr/86Sr Rho,87Sr/87Rb - 87Rb/86Sr Rho,Rb85_mean,Na23_ppm_mean,Al27_ppm_mean,Si28_ppm_mean,K39_ppm_mean,Ca43_ppm_mean,Ca44_ppm_mean,Rb85_ppm_mean,Sr86_ppm_mean,Sr87_ppm_mean,Sr88_ppm_mean,Pb208_ppm_mean,Th232_ppm_mean,U238_ppm_mean
NIST610_01,2.33542787,0.02316326,0.709198681,0.008694437,0.345934023,-0.444759572,1402115.055,,,,,,,,,,,,,
NIST610_02,2.319330563,0.023693069,0.709723226,0.007642007,0.376694594,-0.519546098,1692409.253,,,,,,,,,,,,,
NIST610_03,2.337154361,0.024221913,0.710386909,0.007361829,0.153458025,-0.653790626,1808365.786,,,,,,,,,,,,,
NIST610_04,2.332357121,0.030766158,0.708712401,0.009348715,0.324926057,-0.625617233,1874491.556,,,,,,,,,,,,,
NIST610_05,2.330805994,0.030691284,0.709939577,0.008626404,0.431730211,-0.583020472,1872510.279,,,,,,,,,,,,,
NIST610_06,2.318835286,0.031785871,0.711022332,0.009547304,0.449994537,-0.543667413,1744314.485,,,,,,,,,,,,,
NIST610_07,2.332263236,0.029195613,0.708335415,0.009323961,0.313190716,-0.561719981,1778718.155,,,,,,,,,,,,,
NIST610_08,2.340694223,0.025687569,0.710150606,0.008708661,0.439107283,-0.447313226,1842460.501,,,,,,,,,,,,,
NIST610_09,2.314333997,0.027079506,0.708380692,0.009199013,0.364870876,-0.497511248,2128765.549,,,,,,,,,,,,,
NIST610_10,2.32855954,0.025956455,0.709786772,0.007523249,0.129152157,-0.678396206,1995785.775,,,,,,,,,,,,,
NIST610_11,2.332528824,0.023757633,0.711274104,0.007062827,0.305637886,-0.602861763,1967070.493,,,,,,,,,,,,,
NIST610_12,2.3353478,0.022869148,0.708688879,0.007506578,0.456450747,-0.461913109,1902819.159,,,,,,,,,,,,,
NIST610_13,2.328995134,0.023171467,0.710036428,0.006619647,0.364308065,-0.599874902,1832435.853,,,,,,,,,,,,,
NIST610_14,2.326504241,0.022276771,0.708397704,0.007071525,0.334064556,-0.552054419,1803839.406,,,,,,,,,,,,,
NIST610_15,2.33851103,0.021786446,0.710843143,0.006535687,0.156449911,-0.652981529,1891987.368,,,,,,,,,,,,,
NIST610_16,2.319838837,0.026431777,0.709191757,0.006720405,0.310749446,-0.683066185,1721702.684,,,,,,,,,,,,,
FKN_00,82.61478831,1.366773302,1.19461251,0.018851333,0.559449777,-0.433491153,3823406.079,16294.57409,94062.77253,303833.8632,100956.5472,548.940549,636.8123059,823.4619521,28.14415255,47.38318222,26.1619963,197.0756508,2.40E-10,0.30568105
FKN_01,68.67440322,1.932558802,1.159760677,0.080181758,0.368338864,0.105740816,3293693.417,15589.76786,98279.89693,303833.8632,97238.05555,841.895498,700.6683101,792.7812146,32.94783542,54.11403136,28.87008512,193.2000446,0,8.20E-10
FKN_02,78.76596282,1.339862684,1.204323752,0.020818964,0.786392356,-0.259553332,3533569.823,15707.42026,91970.07141,303833.8632,97917.4425,913.8345539,651.9239511,798.2122062,28.59333888,48.47566084,25.10460028,193.7054077,0,0.00061513
FKN_03,73.67872798,1.41401852,1.191995717,0.022110121,0.070927694,-0.301492166,3389031.374,15494.69093,95447.92299,303833.8632,99308.52243,980.2825887,632.1878098,798.943489,30.64103646,51.55953152,26.68466773,182.8650898,0,6.95E-12
FKN_04,77.13455481,1.11673971,1.198138125,0.018851176,0.403414579,-0.489103957,3556444.4,16048.69595,95546.78549,303833.8632,99418.46537,601.1182014,0,808.7935133,29.52755804,50.01928882,25.66285136,186.9986981,0,0
FKN_05,76.01507559,1.136395736,1.197647222,0.033324143,0.240103724,0.112874379,3459548.142,15640.34119,92989.41392,303833.8632,98299.56112,574.5387795,618.9485533,795.7647379,29.58340804,50.57498997,25.71815194,188.5296038,0,0
FKN_06,73.61379651,1.07664807,1.204320768,0.019992813,0.918052393,-0.102297332,3459867.138,15847.04897,95899.74186,303833.8632,99043.22403,752.4693667,574.4967325,794.315149,30.40601888,51.75216847,26.58220553,188.5990179,0,2.12E-06
FKN_07,75.33540865,1.336335917,1.18875859,0.018474852,0.602353843,-0.832275295,3564622.913,16493.47146,94441.0948,303833.8632,101264.1822,729.1326425,568.8102518,803.8427688,30.20661524,50.7144185,26.37248591,203.8710019,1.36E-08,0
FKN_08,75.65382283,1.185754629,1.211065524,0.022694445,0.523248993,-0.447018232,3594994.696,16105.36683,93756.43761,303833.8632,98286.91476,807.1000906,497.8253124,795.4099272,30.06144466,51.10680792,26.3016737,199.7446281,1.73E-05,0
FKN_09,74.63645957,1.394812126,1.205619231,0.026908279,0.409834849,-0.41336966,3516454.072,16199.38038,93351.64521,303833.8632,97852.35639,711.8468783,502.9214787,794.1439151,29.93727436,50.97114815,25.92621877,197.8589842,3.08E-07,0
FKN_10,74.59973273,1.142582078,1.198452479,0.016974266,0.580687488,-0.535437835,3471623.784,16466.67796,95730.05342,303833.8632,101357.6365,667.7404399,519.7658186,798.272122,30.21833047,51.12792653,26.37439148,201.9812774,0,0.000692833
FKN_11,84.33097046,1.769173762,1.216061095,0.022482291,0.384912494,-0.630504385,3875370.983,16997.9837,88651.28781,303833.8632,103406.7208,608.5260031,485.4219653,839.9815649,28.15344594,48.14263305,24.5587913,215.4943941,5.40E-05,0
FKN_12,84.64399297,1.77788655,1.212279728,0.021734451,0.532762595,-0.59236644,3785470.751,16695.30099,86766.81319,303833.8632,100476.8911,574.4808046,453.2561234,824.6725722,27.60805514,47.02046473,24.08335434,210.5188574,7.70E-06,0.000834099
FKN_13,81.56697312,1.341282884,1.239474726,0.025183633,0.428570977,-0.383964523,3671819.76,16848.53048,92590.51515,303833.8632,100651.7773,629.317638,488.4279472,836.4897189,28.96028402,50.52041819,25.76316667,214.5900948,9.22E-05,0
MicaMg_01,189.9711666,6.176478136,1.858030211,0.04044812,0.215636156,-0.778298808,4638966.421,,,,,,,,,,,,,
MicaMg_02,178.7013436,4.914365404,1.824972551,0.039546806,0.170428669,-0.5963214,4449404.176,,,,,,,,,,,,,
MicaMg_03,178.8719174,5.696391003,1.848471199,0.035362771,0.353202027,-0.681490167,4550386.299,,,,,,,,,,,,,
NIST607_00,34.89895531,0.651987027,1.22197179,0.017806627,0.395823561,-0.692416287,2393963.425,16789.84463,81193.62773,303833.8632,97902.68938,838.2284296,601.5952563,518.2066822,42.00538021,72.16473941,39.80492698,49.42766416,0,0.001318446
NIST607_01,29.4359943,2.645434598,1.123571276,0.127320104,0.299279867,-0.174307175,2186022.005,17579.91641,78904.86202,303833.8632,96522.38073,937.6690051,655.3716375,521.9821314,56.96061649,86.25773207,46.39196862,49.38310646,0,2.22E-09
NIST607_02,33.92168155,0.657179784,1.198541882,0.016522619,0.685307273,-0.480441028,2171285.107,16915.44421,82556.64213,303833.8632,98036.32847,936.694109,625.3194941,527.7912298,43.81762584,74.12105858,39.10998678,49.79833992,2.44E-09,0.309882635
NIST607_03,33.02110731,0.728891924,1.209847363,0.017944138,0.349173958,-0.761586503,2204312.475,17423.87544,80517.80478,303833.8632,101400.0344,1067.828598,661.168577,528.2031608,45.31224722,77.36231132,39.86134842,51.33564657,0,0
NIST607_04,33.34396286,0.7509503,1.196739141,0.020900454,0.228430573,-0.730666236,2073846.101,17643.61236,79710.38564,303833.8632,96504.17208,820.4368008,683.2690766,528.113938,44.78936523,75.85188285,38.72353685,49.62387244,0,0
NIST607_05,33.4403121,0.615500464,1.191469406,0.017137071,0.320734412,-0.745550859,2157826.122,17915.17938,78533.34822,303833.8632,99003.05341,1029.599357,653.2850297,531.6940262,45.08832645,75.94707316,39.03486776,50.63305712,0,3.06E-05
NIST607_06,33.82005297,0.632793033,1.216360213,0.022111791,0.353673983,-0.583361673,2163883.102,18056.83072,82007.26009,303833.8632,101102.8483,713.6434244,618.5763467,536.1320401,44.85484715,76.86738736,39.47611441,51.22247364,0.000543448,0
NIST607_07,32.81946146,0.578832303,1.19762598,0.018876006,0.213181325,-0.675372813,2249151.082,17014.03284,81011.62253,303833.8632,96049.12726,702.7243707,541.2886227,521.336634,45.16330142,76.23917325,39.44522738,50.51262088,0,1.31E-05
NIST607_08,33.37546204,0.588910922,1.217057964,0.01810515,0.247666511,-0.692797143,2026010.039,18202.35566,80313.709,303833.8632,103549.8196,772.6219956,548.166594,538.6589769,45.56857944,78.01909039,40.13786754,53.23533029,0.337889001,0
NIST607_09,32.53004551,0.569279089,1.218826773,0.018026967,0.580679035,-0.469160682,2170666.458,17487.53224,82053.72848,303833.8632,99129.40104,838.63703,534.1850391,531.0085251,46.12607433,78.73889514,40.38543961,53.743566,0,0
NIST607_10,32.40860866,0.622930132,1.195118504,0.018846423,0.20991973,-0.67442898,2038740.427,17694.86232,80673.64956,303833.8632,97735.60033,897.0168167,644.9273988,534.3682663,46.60085002,78.61012448,40.46982534,54.33598446,0,0
NIST607_11,31.87172882,0.594451861,1.210982675,0.023599721,0.458860768,-0.466508882,2065770.36,17549.82915,80757.28959,303833.8632,93888.76238,698.8213512,532.9939606,517.9624031,45.97312132,78.16419266,40.92966749,50.42809542,0,0.000822037
NIST607_12,29.28856312,0.438672724,1.202094866,0.017733229,0.441888032,-0.531281253,2433210.737,16276.75184,84841.84836,303833.8632,91029.49801,723.5374383,534.9625712,484.7039842,46.73737308,79.06726692,41.1011006,38.54355329,0.225267243,0
NIST607_13,33.3179541,0.865635001,1.217397143,0.019342252,0.243434142,-0.813017482,2027734.948,17808.34663,80406.32506,303833.8632,97654.42109,723.2753044,475.1211536,539.2829623,46.07011279,78.43043734,40.13959799,55.02575422,0,0.003558204
GM09_NBP2002-34MC_#20005,7.254360764,0.168236999,0.730631336,0.014799341,0.364403047,-0.639749728,1509331.751,20748.70431,106871.173,303833.8632,106022.9299,546.0195487,364.1810689,531.3089873,207.0844271,212.1137652,194.0111747,27.09779746,0,0
GM09_NBP2002-34MC_#20006,3.987183769,0.085438655,0.720987579,0.015108732,0.270963657,-0.549442882,1507390.281,9005.054438,107097.7256,303833.8632,127001.09,817.6045032,564.5192541,507.3055217,359.9202364,361.3640128,339.3301641,40.56126515,3.34E-09,0.001672479
GM09_NBP2002-34MC_#20008,57.81828366,2.321510335,1.071527928,0.048303641,-0.031931825,-0.289769652,1105233.144,15069.07969,108257.352,303833.8632,118791.5028,1085.348857,663.1435189,372.3284141,18.43411768,27.50298456,16.99646053,8.603333264,0,0
GM09_NBP2002-34MC_#20009,21.65270902,0.499122615,0.765621641,0.019809627,0.315195819,-0.528674471,2280518.973,18897.32368,108473.0511,303833.8632,111876.2085,793.3883052,443.6793232,752.1011834,98.50903002,105.6774675,90.47952226,45.73184401,4.06E-08,0.000113728
GM09_NBP2002-34MC_#20010,6.737473376,0.143115638,0.752952974,0.013391497,0.349255175,-0.672187503,1845033.971,6649.604545,110752.479,303833.8632,132788.8137,343.8958139,168.2719054,644.7640152,270.8510837,286.1896959,250.5315356,97.30879409,0,0.207160442
GM09_NBP2002-34MC_#20011,3.944294682,0.086177955,0.733543514,0.015156219,0.287423767,-0.643326602,1071940.492,5364.585033,109975.5278,303833.8632,136712.5133,551.9511792,279.0518527,382.5368327,274.6976043,283.0335808,254.0404508,45.40412658,6.19E-07,3.40E-07
GM09_NBP2002-34MC_#20013,9.34559848,0.573827234,0.777239206,0.016867934,0.672081009,-0.612479097,667931.6871,13484.52066,110906.3444,303833.8632,116895.965,1983.692726,1469.439474,250.6982405,75.91655094,82.39664967,71.06913732,22.96310136,0,2.77E-05
GM09_NBP2002-34MC_#20014,94.63015319,10.87379017,1.341821671,0.088241016,0.598312997,-0.628471357,1409421.917,5146.013709,110194.5134,303833.8632,140054.8057,434.0362365,156.6655754,470.0978916,16.87701721,28.97081094,16.00655934,9.810224829,7.50E-06,0
GM09_NBP2002-34MC_#20015,7.716776416,0.119334784,0.75140608,0.012351811,0.335293227,-0.469644245,1360887.302,4997.645126,106749.9897,303833.8632,137610.0895,1495.544117,1207.993695,455.255746,165.8684584,174.891916,154.6202359,68.8540317,0,0.000416129
GM09_NBP2002-34MC_#20016,44.95795163,1.487031245,1.015333557,0.027861589,0.291974449,-0.678023059,1519139.009,6423.497337,110720.366,303833.8632,134502.5958,965.2303859,750.1781301,505.1131793,31.92864213,45.54105763,29.49384968,95.02024266,0.000105977,0
GM09_NBP2002-34MC_#20017,3.193724788,0.089100665,0.711967744,0.01267198,0.618662247,-0.661112863,1516006.924,7304.775733,106437.3948,303833.8632,133637.7377,839.7488352,641.1603038,439.6240272,388.6642888,392.4539,358.9666061,21.6886715,0,0
GM09_NBP2002-34MC_#20019,8.59423804,0.254176494,0.730107082,0.012407987,0.290507156,-0.852922281,1764410.836,12754.56325,107247.1991,303833.8632,123057.8335,649.3654874,456.8069325,574.0241945,188.3888241,191.5722095,172.583571,32.42375466,0,0.000437561
GM09_NBP2002-34MC_#20020,2.472326975,0.064545071,0.717773873,0.013371229,0.312778801,-0.748566431,1230007.532,24585.95045,106459.1061,303833.8632,93707.62536,2466.862864,2464.654694,376.996002,432.4151216,435.6911906,398.8617221,34.8722375,0.00021063,0
GM09_NBP2002-34MC_#20021,4.929658196,0.088423899,0.740478714,0.013279042,0.280215341,-0.615558301,1314986.336,8860.153246,108619.9722,303833.8632,126820.7347,1020.94935,695.6580839,480.3634363,275.0648472,286.4556607,250.9125836,110.31812,0,3.46E-05
GM09_NBP2002-34MC_#20022,15.49159239,0.245436291,0.786811507,0.016812033,0.054299641,-0.072922298,1195199.861,3543.890854,107889.7743,303833.8632,140949.4848,576.7074927,315.810905,389.4433831,71.00057572,78.43972222,64.6513203,57.26609844,0,0
GM09_NBP2002-34MC_#20023,5.770505895,0.119105391,0.718030348,0.015003127,0.33453864,-0.582940218,1515198.571,9004.054103,109822.3605,303833.8632,128637.2933,605.0402708,440.2350232,540.3927254,264.765631,266.9417983,243.1703328,45.22341751,0.000212976,2.46E-06
GM09_NBP2002-34MC_#20024,9.359552375,0.208965516,0.733391056,0.015393125,0.391706003,-0.600398439,1090368.757,7582.776206,108590.5701,303833.8632,127006.3517,0,0,418.9645727,126.7344273,130.4817098,114.8033127,61.8093574,0,0
GM09_NBP2002-34MC_#20026,13.60507732,0.2859673,0.744678683,0.016263529,0.490095365,-0.555031001,2268570.312,13916.50153,107268.278,303833.8632,118886.3152,1506.791746,1165.545264,743.4035839,154.6269126,163.0417931,141.5623806,39.43029158,0,1.65E-07
GM09_NBP2002-34MC_#20027,16.66341168,0.819929759,0.758785882,0.016597242,0.334302787,-0.922015011,1620010.78,21567.38573,107566.0987,303833.8632,103230.7504,747.5120585,549.5202461,619.9110496,106.8384299,112.0529787,97.98968888,56.35159285,0,0
GM09_NBP2002-34MC_#20030,14.24419352,0.403334281,0.740008482,0.010577486,0.068584449,-0.878836207,1905354.36,12754.98102,106624.7832,303833.8632,127909.4332,2808.039185,2941.69807,542.3721217,107.8332976,112.5291171,98.08769055,15.18550851,0.000681291,1.41E-08
GM09_NBP2002-34MC_#20031,1.76966333,0.054911718,0.717491947,0.013113637,0.063930246,-0.841902453,955449.8593,4627.298151,110725.4835,303833.8632,137451.3926,340.8965716,276.2874799,290.6911707,466.7409745,471.6040743,426.3842487,128.969155,0,1.07E-09
GM09_NBP2002-34MC_#20032,2.193825037,0.043065339,0.700614721,0.028649364,0.52650839,0.107324567,884633.1386,7321.240619,106760.7649,303833.8632,127751.0706,366.5566304,320.3492096,329.8413403,424.0709754,420.6952747,385.6953257,53.50416862,0,2.17E-09
GM09_NBP2002-34MC_#20034,2.164967782,0.035102509,0.716399946,0.014832946,0.476742383,-0.004469399,916105.0359,10755.8964,108471.213,303833.8632,126345.1578,1204.715912,995.5647534,289.4868045,376.5329869,378.9074839,339.140289,129.7481724,0.000573402,0
GM09_NBP2002-34MC_#20035,2.322910724,0.06042459,0.70574081,0.019056613,0.393361556,-0.323387336,744733.8808,5950.517598,110810.8523,303833.8632,128525.1035,399.5269219,391.6231987,276.7466321,338.6366359,341.0368382,304.615609,37.78246858,0,1.12E-08
GM09_NBP2002-34MC_#20038,3.237823777,0.058898135,0.737379593,0.011841795,0.384738054,-0.615192809,991472.6534,5602.142697,109510.658,303833.8632,135061.7942,849.4165964,638.1346406,321.5758321,280.3603127,291.2034582,251.2786965,116.2180207,4.13E-05,0
GM09_NBP2002-34MC_#20039,5.131560959,0.131958589,0.743794572,0.014679111,0.357736145,-0.589634126,803454.2698,9254.803174,106486.7983,303833.8632,122440.7322,393.6150339,518.1814876,288.7459131,158.6742215,167.3261192,144.0172479,22.44350295,0,1.98E-07
GM09_NBP2002-34MC_#20040,5.715138689,0.135096579,0.754420951,0.011525065,0.192489569,-0.813179422,1332112.492,6547.114258,108553.433,303833.8632,130209.1109,543.6128725,465.2359048,449.7287335,221.9376066,235.929242,198.3896138,75.31948826,0,3.97E-07
GM09_NBP2002-34MC_#20041,6.556087333,0.089844123,0.74325525,0.0093166,0.236870681,-0.697214277,2111204.423,4957.484986,108010.9,303833.8632,143822.7843,744.6849221,636.6137244,520.5794421,222.9717908,233.5730121,199.664979,210.2073471,7.85E-07,0
GM09_NBP2002-34MC_#20044,4.061976954,0.096236685,0.734473692,0.012417864,0.406682222,-0.688313545,931420.4127,5341.344697,108051.698,303833.8632,136292.2291,0,1339.411595,295.401979,205.8946352,213.5687675,183.314176,141.5485181,4.80E-06,2.02E-06
GM09_NBP2002-34MC_#20046,14.46064661,0.687842574,0.724449277,0.012093737,0.306280878,-0.938284454,2564598.838,12320.40787,106585.0134,303833.8632,129071.643,783.9657624,508.478761,676.2827792,133.8009423,138.632023,118.0599065,20.62286961,0,0
GM09_NBP2002-34MC_#20048,17.52001051,0.455843446,0.8288327,0.016513781,0.353157714,-0.713551341,2118753.503,5621.699494,109630.3439,303833.8632,132981.0128,1799.371756,1365.865023,820.3661376,132.7852053,154.631703,120.2171085,73.74972713,9.65E-05,3.54E-05
GM09_NBP2002-34MC_#20049,5.806217722,0.110048336,0.743183987,0.014716001,0.34189482,-0.562756074,1185308.259,6480.438039,107377.342,303833.8632,127065.9174,561.9916597,210.3740923,421.6745838,203.8235286,214.0879555,183.085539,48.82872341,0,0
GM09_NBP2002-34MC_#20054,4.833943347,0.102618799,0.718978147,0.013586028,0.369562318,-0.633508421,1019327.421,20509.72786,107506.9015,303833.8632,106261.1749,469.0503344,376.3738445,364.5014307,213.3359808,215.3015438,189.5990058,40.54780598,0,0
GM09_NBP2002-34MC_#20055,4.093995367,0.080908314,0.736687698,0.016128464,0.453784107,-0.470450084,1196539.205,8623.269381,107848.9505,303833.8632,128567.2594,638.6041616,442.0875727,426.7252002,294.674918,304.9143257,262.2729389,101.4378399,8.74E-05,0.002664558
GM09_NBP2002-34MC_#20057,1.421441565,0.036056163,0.724971471,0.011406404,0.205227906,-0.806688933,674026.0521,10413.56136,105809.7725,303833.8632,121972.353,1186.829694,962.8804023,218.6538388,429.2691359,437.8569189,382.6240191,100.9216175,0,0
GM09_NBP2002-34MC_#20059,0.917504431,0.019690264,0.709185083,0.013044388,0.433239404,-0.64487937,520609.2151,8087.294406,109783.3083,303833.8632,125647.4498,675.2096292,582.8263678,187.2205869,574.4415709,569.2189336,514.0732172,33.56013452,6.02E-06,0
GM09_NBP2002-34MC_#20060,12.21314609,0.427457611,0.73174373,0.010331406,0.351193156,-0.792875981,3061639.419,13564.56699,102103.3307,303833.8632,118593.6712,2617.803591,2139.07791,891.3599624,206.467841,212.9100499,182.3920092,31.02363616,0,0
GM09_NBP2002-34MC_#20061,3.111141582,0.075444408,0.727103326,0.009883189,0.244046461,-0.84793542,1451499.229,6238.748322,105108.9379,303833.8632,134305.0012,953.3164015,658.8970615,439.691517,398.3668589,408.0573553,357.8199966,40.92982378,3.74E-07,0.001247681
GM09_NBP2002-34MC_#20063,8.696245061,0.237781626,0.731240458,0.011754747,0.483037117,-0.756422975,1583211.229,12378.02183,105327.1144,303833.8632,120866.6889,1438.619799,1040.058005,490.3145881,159.9835535,165.3583955,140.5069515,30.73057399,0,0
GM09_NBP2002-34MC_#20065,7.560647435,0.132354546,0.756084308,0.009809715,0.2717776,-0.742660525,1019549.863,4426.922646,105315.4564,303833.8632,131639.0913,898.4380594,687.2276311,377.7358571,140.3483529,149.6799068,125.8409646,18.46010752,4.03E-08,0.000121548
GM09_NBP2002-34MC_#20111,0.262263669,0.018601195,0.721192115,0.014029668,0.075208867,-0.897886541,55658.42305,56029.85233,162680.8465,303833.8632,4972.449125,55697.41832,54312.82783,29.65036001,318.4348939,323.1183776,282.2566728,33.6806225,2.95E-10,0
GM09_NBP2002-34MC_#20112,0.017414756,0.002643831,0.713309013,0.017629369,0.247960459,-0.671051001,7679.687241,55489.14699,167242.2038,303833.8632,2446.655793,60815.57753,62176.86331,4.229851604,675.6892407,674.7704353,596.2573829,19.18885581,0,0
GM09_NBP2002-34MC_#20113,0.010463553,0.001388794,0.713266951,0.013697776,0.06198412,-0.760774165,3242.628596,48845.16883,186811.2625,303833.8632,1444.808445,82791.49525,81844.38519,1.849011111,498.6408587,500.5875808,444.9524129,22.68406542,2.00E-11,0.001337293
GM09_NBP2002-34MC_#20114,0.226370746,0.020004004,0.708063802,0.012425559,0.158091779,-0.942002235,112821.0317,65206.18268,137377.4354,303833.8632,9903.490068,31437.95811,32022.16922,47.90884965,599.0320173,597.8339772,534.1813482,34.25704632,0,0
GM09_NBP2002-34MC_#20115,0.929058848,0.047638583,0.789505663,0.084283505,-0.060643159,-0.243439704,57361.77397,69828.302,132048.3716,303833.8632,6839.667226,19359.46472,19367.72214,24.5049904,76.86251953,85.67748189,68.49334195,32.84270114,0,0.205597096
GM09_NBP2002-34MC_#20116,3.074716595,0.073743614,0.764811786,0.015122375,0.552985413,-0.563258356,578318.8831,63279.09824,123740.4341,303833.8632,20507.57251,6977.368216,7016.496819,255.2895414,233.2079592,251.7427984,208.0201591,2.649754248,7.74E-12,0.000718292
GM09_NBP2002-34MC_#20117,0.152188862,0.010522392,0.708963983,0.014245709,0.227161725,-0.902972163,74219.39879,72305.65906,122782.5405,303833.8632,8019.617549,10134.05736,9852.918547,29.10356747,542.2768238,541.5652329,481.6633602,11.62392021,0,0
GM09_NBP2002-34MC_#21008,24.00290733,0.634175742,0.865189144,0.019848266,0.323717861,-0.651027716,858945.3517,21676.81432,106943.9868,303833.8632,101280.0441,1617.369196,1364.292854,310.2067686,36.67423561,44.60835314,32.29848158,31.51058083,9.68E-11,0
GM09_NBP2002-34MC_#21013,9.891608324,0.254716394,0.771924792,0.014362217,0.462905857,-0.716338297,894623.2232,11054.94059,107413.1619,303833.8632,122849.9753,1019.449449,688.8930367,282.8898301,81.0489677,88.11443057,70.46814681,25.26758025,0,0.000567175
GM09_NBP2002-34MC_#21016,41.20354113,1.281740113,0.971635589,0.024724926,0.508935786,-0.625620046,1467664.102,7358.040697,107021.5068,303833.8632,130255.1844,507.4906151,308.1909041,481.6352709,33.30814818,45.36063213,29.09295005,113.1473791,1.13E-09,0
GM09_NBP2002-34MC_#21032,1.566729899,0.024605481,0.708656682,0.011760835,0.335849246,-0.553641187,890849.8875,9924.13892,109243.834,303833.8632,123648.0647,1379.314462,1051.463243,322.2917854,582.3506875,581.602364,511.9153255,62.37498302,0,4.62E-05
GM09_NBP2002-34MC_#21035,1.885529579,0.026053242,0.71842682,0.012045152,0.317089674,-0.464729328,679582.6498,5906.801955,107807.6612,303833.8632,131450.2556,405.4029202,385.0814054,227.0639795,339.1211318,343.5950794,298.2327978,38.27597923,1.60E-08,0
GM09_NBP2002-34MC_#21038,5.279118162,0.071516136,0.738397273,0.010544917,0.241970789,-0.642567751,1239212.78,5005.376615,105788.7496,303833.8632,138164.5448,1529.345197,1567.91911,348.2913806,185.1952543,192.9316405,162.3691386,80.51051896,0,2.44E-06
GM09_NBP2002-34MC_#21039,5.031691282,0.072309172,0.740962848,0.013778162,0.7104102,-0.009361842,802311.8817,8399.662922,106933.7044,303833.8632,128062.2569,623.4169155,391.4849702,290.8425037,162.926809,169.9276651,143.383703,23.10425043,2.32E-07,0
GM09_NBP2002-34MC_#21041,5.605876676,0.081567555,0.744476906,0.008428206,0.039245734,-0.797550009,2000352.373,2268.831372,104153.1398,303833.8632,142018.4395,788.5846092,513.6417397,509.9736358,255.9103397,269.2185803,226.1790242,30.31775988,0,1.71E-07
GM09_NBP2002-34MC_#22013,14.83417187,0.346757035,0.79452307,0.014898064,0.332885828,-0.690111766,948895.7747,7863.161801,105614.9401,303833.8632,132351.0536,404.5071204,347.8792272,275.2837098,52.11285384,58.33650366,45.87709848,16.54977089,2.86E-06,0
GM09_NBP2002-34MC_#22016,44.28847224,1.088771795,1.011729793,0.024072184,0.272219927,-0.618092434,1469370.923,10943.90377,109876.6764,303833.8632,125569.5186,573.2531078,529.3281542,479.5466959,30.60537269,43.20971293,26.51745084,99.85677086,0,1.90E-08
GM10_DF83-14PC_#20007,12.05928969,0.330818148,0.764652351,0.015175444,0.273922094,-0.74615537,1800450.494,18108.16699,106836.4956,303833.8632,109175.5639,2934.81083,2527.703296,532.4107057,125.0395192,134.6072592,110.1874597,59.290318,4.98E-05,0
GM10_DF83-14PC_#20008,24.70047367,0.521929008,0.859506213,0.013392054,0.370058667,-0.722999375,2177384.814,10171.15271,100506.0729,303833.8632,131794.6095,543.6031687,494.1490928,544.2281019,61.85184506,75.56619867,54.85986552,26.62668423,0,7.96E-10
GM10_DF83-14PC_#20011,27.17892276,1.006420876,0.779367767,0.015568187,-0.0547376,-0.320719067,1816871.215,16396.10058,107140.2588,303833.8632,112670.6601,2103.812733,2038.605991,587.0846069,62.01501924,68.0050267,54.15693238,14.70547113,0.000642542,0
GM10_DF83-14PC_#20012,2.765329389,0.085079615,0.737566783,0.013124156,0.141936622,-0.839019645,870172.0153,7529.670341,109438.8908,303833.8632,135002.6172,513.3049975,285.6208413,281.756183,290.0477241,301.6082822,253.4111762,117.8612747,0.00088758,0
GM10_DF83-14PC_#20013,93.15269494,3.101643509,0.971297349,0.026831842,0.447970891,-0.624925057,3654431.946,6176.34589,106527.9302,303833.8632,133160.899,498.5889464,222.2884877,1199.557303,36.70819184,50.03922472,32.75320873,60.90940859,0,3.73E-13
GM10_DF83-14PC_#20014,67.0662997,3.772384685,1.028267506,0.028072244,0.694182159,-0.889296599,2737684.504,9949.245881,102912.3176,303833.8632,127277.8478,701.5983056,521.412802,710.8801041,31.44289124,44.79676764,27.29336569,23.66343644,0,0
GM10_DF83-14PC_#20015,61.00293538,1.620097216,0.72837091,0.02050943,0.474812637,-0.491198216,1846220.032,14843.81896,106900.774,303833.8632,116047.8657,1357.080276,1151.270704,700.3208947,32.6511455,33.30546559,27.96895158,62.33466733,0,0.328799576
GM10_DF83-14PC_#20018,7.638761974,0.155844279,0.725318735,0.010677786,0.472437199,-0.666972488,1430630.002,27654.86432,106591.4643,303833.8632,92511.0499,1476.583447,1439.095978,486.3966791,180.9613548,184.6636907,157.3765855,33.40321741,0,4.21E-13
GM10_DF83-14PC_#20019,1.019624177,0.020470036,0.719630842,0.014331399,0.277625974,-0.612455349,619573.2534,6002.292307,106293.9516,303833.8632,127940.8004,395.5190836,160.4236831,220.3959301,611.3420004,620.1348618,537.0813387,99.21138726,0,0
GM10_DF83-14PC_#20020,5.681339676,0.172945799,0.740603391,0.013821964,0.185581599,-0.837001934,807266.0121,27807.16809,106774.3593,303833.8632,92038.28423,1246.432213,975.5301992,258.7952191,127.8649497,133.7423828,109.6661723,45.56533866,0.000367303,5.45E-12
GM10_DF83-14PC_#20023,17.07220917,0.312121513,0.81493888,0.016892458,0.54737518,-0.471715124,1410070.284,4687.116177,105428.814,303833.8632,133429.1599,321.3239492,115.6431266,507.8474944,83.95769343,0,72.9048701,39.92643617,0,0
GM10_DF83-14PC_#20027,3.017824015,0.077603906,0.716898366,0.015378961,0.360763411,-0.686976111,500272.5005,33205.41072,108759.6447,303833.8632,76665.70266,4753.867083,4238.718113,184.6546044,172.6068991,174.3243907,152.4489852,22.02732671,0,8.96E-11
GM10_DF83-14PC_#20028,4.833651078,0.091794496,0.728229627,0.012781604,0.399541737,-0.58506052,1850512.919,5185.293379,106420.6546,303833.8632,135461.9572,391.8106953,250.6820364,597.1859754,349.2271507,358.5645469,306.3735524,66.53821671,0,0
GM10_DF83-14PC_#20029,4.090850742,0.076860907,0.741878212,0.014303292,0.375210052,-0.542500537,916622.5634,8038.377639,105259.4983,303833.8632,130000.9607,806.65727,607.1559245,334.5287882,228.4759983,240.2645956,202.87174,68.37438512,0,1.20E-09
GM10_DF83-14PC_#20030,1.358222463,0.02405526,0.714935675,0.012808326,0.225246722,-0.616364832,968303.5679,8100.321844,106722.7099,303833.8632,125672.0627,411.1391306,308.6685098,348.5790076,721.419179,727.5678842,718.68329,54.01409158,0.000375902,0
GM10_DF83-14PC_#20034,65.39295959,1.505541138,0.839571875,0.017630848,0.215666005,-0.653434187,1860784.453,27948.86159,102151.5767,303833.8632,94905.56517,1510.359302,1300.234386,511.1432395,22.07238678,26.14494872,19.35143435,23.33360597,0,1.27E-08
GM10_DF83-14PC_#20035,0.856894778,0.013036034,0.708807873,0.013560688,0.250232098,-0.502520002,509143.2029,19236.30393,108069.1788,303833.8632,103909.7112,930.9251968,731.2407616,210.9837288,694.5704712,690.5995221,610.1284885,26.00470215,7.22E-06,0
GM10_DF83-14PC_#20036,3.087728868,0.099165784,0.718394854,0.012355325,0.428588775,-0.865483654,927325.4414,14866.07899,109030.1506,303833.8632,117665.7917,1012.654799,927.8592587,316.7679133,292.8824688,296.2454734,249.355768,54.39767149,6.65E-05,2.18E-07
GM10_DF83-14PC_#20037,9.052805236,0.263787419,0.733462492,0.012475909,0.26028485,-0.812383239,1044243.406,18681.66037,106340.1443,303833.8632,111564.3757,544.8878181,349.7590623,323.0881541,100.4112668,104.6094323,88.03793613,21.56823479,0,0
GM10_DF83-14PC_#20038,170.5209726,17.6667192,1.139833564,0.073208439,0.886399498,-0.757683296,1768500.957,31718.38914,107430.6113,303833.8632,84102.18201,1465.216686,866.2535777,585.7291071,10.94464859,16.26402019,9.51242004,32.95747363,1.151094781,2.87E-06
GM10_DF83-14PC_#20039,4.267942761,0.101396323,0.717722845,0.01375767,0.329214867,-0.698826146,760308.3179,13239.71695,106377.2908,303833.8632,114796.0537,601.139125,418.3387561,314.0091004,207.2927149,210.9308264,183.0147669,22.35494809,9.37E-05,0
GM10_DF83-14PC_#20040,1.735127116,0.043252937,0.711848635,0.012713047,0.357467042,-0.731484828,1042271.064,26588.2794,109482.1609,303833.8632,91896.59459,1920.245668,2084.286242,375.5605051,615.4046627,617.5607071,542.1563142,18.59928511,0,4.37E-05
GM10_DF83-14PC_#20041,2.22811854,0.042752888,0.73407875,0.011311356,0.247441668,-0.72382651,1119251.285,13227.98591,110392.7742,303833.8632,118055.6767,2487.409051,2206.282159,387.818104,492.338749,510.1761049,429.0464722,80.2692295,5.27E-05,0
GM10_DF83-14PC_#20089,0.042487151,0.00822748,0.705858241,0.012811006,0.178682436,-0.493619746,36728.65649,62325.99173,144064.9606,303833.8632,4574.578012,36160.67963,37109.88606,0,1087.306894,1082.59094,1080.58702,8.693613125,0,0.001352326
GM10_DF83-14PC_#20090,0.000821985,7.45E-05,0.703127314,0.012462821,-0.056286438,-0.632135278,878.1035088,64932.89994,140284.8849,303833.8632,1954.619883,36014.46673,35629.06156,0.371290549,1279.110385,1269.034953,1279.443517,12.7493881,0,0
GM10_DF83-28PC_#20043,12.96256667,0.229414476,0.759842277,0.013518866,0.385171691,-0.60904832,1493138.88,2722.902932,104542.0984,303833.8632,138996.7569,550.9442011,400.4422142,464.4360037,100.8878016,108.2403379,87.68370719,49.845352,0.000743449,5.35E-05
GM10_DF83-28PC_#20045,36.28806219,1.020219531,0.889085498,0.01711071,0.184015011,-0.711734105,3139031.155,5233.83338,107433.9121,303833.8632,137336.5772,777.4180354,490.3526725,1113.739284,86.53405157,108.2950451,75.19909433,69.18114086,0,0
GM10_DF83-28PC_#20046,60.14098396,1.31010134,0.998347703,0.018824351,0.341708294,-0.671636954,3137785.466,7352.181954,108731.9096,303833.8632,131154.4517,1175.985746,678.9069315,1183.86576,55.51455281,78.12887119,48.16239986,70.11234509,4.75E-05,0
GM10_DF83-28PC_#20047,51.17298912,1.092255837,0.955460152,0.021216282,0.604010952,-0.243115465,2185427.052,5185.581539,106323.5709,303833.8632,135614.4306,761.1471468,377.7945312,866.4971438,47.74830731,64.1306497,40.77664845,77.96598092,6.10E-05,3.10E-05
GM10_DF83-28PC_#20050,4.224702557,0.06680551,0.737072,0.015056681,0.320148944,-0.446226582,906035.0071,7531.147007,108267.5424,303833.8632,128867.5704,449.8851607,328.4699842,353.622805,236.4102838,245.4910915,205.073842,118.1942777,0,0
GM10_DF83-28PC_#20052,25.1358011,0.498156492,0.831973617,0.014986803,0.44262387,-0.597356542,2827615.729,20632.73649,108424.7346,303833.8632,109519.1056,2089.585969,1696.094072,879.4432831,97.6712684,115.5508293,86.30459026,82.74925552,0,0.000333176
GM10_DF83-28PC_#20053,166.3570028,9.275335594,1.502332665,0.044777475,0.827427523,-0.789453845,4357380.395,11344.01669,108101.2741,303833.8632,128815.8185,2411.729446,2412.959796,1398.351327,24.50424415,50.54551364,21.04206924,61.35736435,4.50E-05,0
GM10_DF83-28PC_#20054,73.37355493,1.66297328,0.890209846,0.016693306,0.009986533,-0.206717094,3670482.837,5578.707522,125163.874,303833.8632,129908.7819,710.7865637,622.0456738,1309.796976,50.60019904,63.17092976,44.30019313,34.43562796,5.04E-05,0
GM10_DF83-28PC_#20057,23.75099167,0.434624857,0.824573157,0.013916626,0.407728671,-0.686785927,3116495.34,12580.01663,109713.1805,303833.8632,125383.647,786.1654917,781.2094461,906.5560572,108.4470086,126.3442646,93.92024904,117.3974908,0,1.976478733
GM10_DF83-28PC_#20059,23.92978274,0.429428822,0.83477163,0.014380378,0.35192014,-0.599416848,2576350.022,4568.553339,108399.5425,303833.8632,135329.7904,692.4348239,477.0081231,894.3503389,105.6389438,124.5630914,92.32604812,102.3734829,0,0.000458729
GM10_DF83-28PC_#20095,0.753688572,0.015607165,0.718866639,0.012085803,0.095260596,-0.126988413,204414.3393,58449.97004,157195.8412,303833.8632,12760.76247,45601.11562,46332.33959,106.4527508,396.9920003,402.7412641,343.6744439,30.54402949,8.83E-05,0
GM10_JR104-GC366_#20063,4.892947929,0.097760527,0.734824481,0.011039424,0.521602378,-0.512540552,1081214.151,12524.61725,108474.3475,303833.8632,118387.7523,995.70578,690.7029581,422.0804091,243.4182963,252.3206615,212.7475945,76.17198591,6.16E-05,0
GM10_JR104-GC366_#20065,7.808254571,0.180920341,0.72001425,0.01127758,0.207215792,-0.799550313,1667271.002,14272.63077,105478.2223,303833.8632,122907.3713,988.0194858,819.6779067,474.6188767,172.2997772,175.0879721,149.5759373,51.32859455,0,0.000475067
GM10_JR104-GC366_#20066,2.811383678,0.107612492,0.705146702,0.009946372,0.042139414,-0.9284327,754610.9308,23984.93858,88539.958,303833.8632,46955.15556,6185.352241,5831.456132,210.0588675,208.9388085,208.1861699,181.0464836,22.49142329,20.4481214,2.407262199
GM10_JR104-GC366_#20067,15.5169746,0.287027035,0.730004107,0.013788361,0.250603114,-0.593007978,1363261.582,28419.27561,107254.615,303833.8632,93396.68086,677.4373254,736.3351564,441.0793698,80.74373994,83.3191765,70.1020025,47.02369793,6.24E-05,0.000396147
GM10_JR104-GC366_#20068,4.544658061,0.124753002,0.706178093,0.012377111,0.227785098,-0.810830839,1144341.325,12672.6749,110327.5967,303833.8632,116605.7564,756.3390383,476.170214,372.2734668,231.8778969,231.0131304,199.2775959,5.816599896,0,0
GM10_JR104-GC366_#20069,7.126910818,0.123981159,0.712254643,0.010182123,0.443038697,-0.658437792,1256594.167,21833.89205,106271.8693,303833.8632,108023.4319,1600.475094,1505.979584,388.5724173,153.1258026,153.9780715,133.6604352,22.82128664,4.28E-06,0
GM10_JR104-GC366_#20071,2.488383713,0.038286416,0.721008925,0.011621736,0.420728072,-0.544136168,1267175.461,5140.722936,105229.761,303833.8632,135390.6417,0,296.3610732,383.540572,433.0370039,443.3931443,380.5169021,33.40521508,0,0.000426274
GM10_JR104-GC366_#20072,17.54281852,0.689126563,0.73629645,0.030473858,-0.07226676,-0.666065684,667661.3098,19443.17012,104445.2772,303833.8632,106658.459,759.806002,727.0796744,217.5796525,39.53403298,37.0261549,30.11556713,21.63568976,5.51E-07,2.60E-06
GM10_JR104-GC366_#20075,8.708171793,0.157267398,0.716024898,0.012348811,-0.034378276,-0.536338366,870357.8786,20071.35811,108340.5634,303833.8632,105516.5079,570.6908759,537.0574518,323.1862843,104.4194365,105.3649062,90.90120854,46.94026443,0,0
GM10_JR104-GC366_#20077,6.663003676,0.123077975,0.71839836,0.010844431,0.333951885,-0.685841697,926051.7241,10495.68371,103836.8086,303833.8632,123479.4756,360.4424764,311.8912474,296.1911226,124.5273571,126.4533403,109.7849923,48.25089951,4.65E-06,1.26E-07
GM10_JR104-GC366_#20078,5.894306947,0.084630001,0.716437116,0.010597515,0.320033128,-0.623040607,864390.5185,35865.39934,103935.9543,303833.8632,76190.6949,805.9320653,759.5010163,280.7295506,133.934245,135.5727065,116.3734861,11.44484678,0,0
GM10_JR104-GC366_#20079,13.4797802,0.338233957,0.724962604,0.014519267,0.36834573,-0.683437599,745196.6322,20876.72284,105552.2508,303833.8632,100051.1412,772.2493188,617.7663883,272.6817545,57.31104651,58.58604578,50.21484647,34.03017951,7.39E-05,0
GM10_JR104-GC366_#20080,20.60265483,0.398970423,0.763322668,0.014473252,0.169507069,-0.283725245,1277663.244,3279.789339,216693.9371,303833.8632,114691.2314,133.5147318,43.57179679,523.8207666,71.95813517,77.32878174,63.11858456,14.82140584,0,7.96E-08
GM10_JR104-GC366_#20086,1.373957063,0.02151268,0.707304999,0.011269241,0.342330886,-0.559002069,860563.1173,10080.44132,107599.3926,303833.8632,123514.9178,376.6915299,373.6520152,299.0226575,614.4564058,612.63185,563.6108518,56.16429907,0,0
GM10_JR104-GC366_#20091,0.060402599,0.009976108,0.713925739,0.012895195,-0.069348581,-0.809936093,37005.72322,53331.4545,163340.3119,303833.8632,7693.543597,58393.66939,55176.15371,16.27590231,785.0169104,789.9449646,715.2588398,40.64990433,9.07E-05,1.25E-06
GM10_JR104-GC366_#20092,0.023339817,0.003509213,0.70609026,0.011962232,0.049319204,-0.790446106,27008.32719,52099.14886,167658.6955,303833.8632,5865.931139,63804.73011,60688.07964,12.03169291,1469.557564,1462.964491,1457.744897,8.877452466,0,0
GM10_JR104-GC366_#20093,0.014570796,0.002237184,0.712566064,0.012647237,-0.164018155,-0.726207742,10020.02414,52987.78637,170129.9994,303833.8632,3141.421178,66498.27146,63680.90569,5.10018845,993.1232819,998.0888307,970.9484605,9.577115062,0.669212307,1.94E-05
GM10_JR104-GC366_#20094,0.148799673,0.011517103,0.706892251,0.010817597,0.282481982,-0.91393131,164172.6112,41615.46777,192211.5284,303833.8632,18807.75883,78706.02749,74467.81629,70.20112162,1367.701072,1363.598466,1373.026824,14.92072644,0,0
GM10_JR104-GC366_#20096,0.183283397,0.021059179,0.709612925,0.011844718,0.129696729,-0.91648224,175421.7736,49558.13861,153508.878,303833.8632,16670.40783,59393.80655,56610.33526,60.45399277,940.1448444,942.0408596,943.686163,21.80065688,3.50E-07,0.000191797
GM10_JR104-GC366_#20097,0.20417561,0.026127295,0.704115757,0.012115307,0.051099064,-0.886321864,204221.0019,49366.89484,162595.3925,303833.8632,16216.32757,62008.47111,57371.39957,71.51625426,1025.144529,1018.369478,1016.809809,21.29302286,0.263191655,0
GM10_JR104-GC366_#20098,0.008795795,0.000527165,0.71377183,0.011453279,0.006080473,-0.910754496,7785.586949,58084.57441,154955.3999,303833.8632,4837.892172,49170.24596,45969.86969,3.868156436,1258.055157,1266.410166,1262.048034,13.65499059,0,0
GM11_NBP2002-27BC_#20031,27.9831238,0.542112685,0.786307571,0.017140538,0.410734811,-0.46006809,2428436.337,6562.92813,108270.575,303833.8632,135754.7786,434.5224149,161.3148876,785.9611455,79.43230902,87.90609664,69.08405373,40.1451905,1.24E-06,6.10E-05
GM11_NBP2002-27BC_#20035,5.038698509,0.10693937,0.721954357,0.012118826,0.252255205,-0.730986008,1699487.459,12744.6865,104236.6887,303833.8632,122129.9469,17017.34912,15545.53558,434.9812938,244.9169756,249.2466094,214.242754,32.96727259,0,0.000283977
GM11_NBP2002-27BC_#20036,1.834379755,0.031682075,0.716889141,0.012992191,0.129529594,-0.635331535,1273960.179,7466.946719,103425.5376,303833.8632,128661.91,209.206274,162.3831202,391.8150783,603.9467441,609.9065074,591.9670589,83.25961561,1.32E-05,0
GM11_NBP2002-27BC_#20037,30.09895553,0.64517656,0.891088297,0.018140574,0.420193436,-0.563506401,1900661.624,15523.99026,106246.8972,303833.8632,115919.7617,753.7696981,588.0539629,636.3280844,59.88888283,75.43189574,52.40565086,37.53425045,0,0
GM11_NBP2002-27BC_#20039,4.371345765,0.080031151,0.727148548,0.013086436,0.473226232,-0.527041155,1700502.337,8696.016438,108796.5116,303833.8632,130228.2461,1760.908982,1771.382671,520.6182132,336.4636305,344.5318398,295.0695429,73.97929634,0.000186705,0.000400883
GM11_NBP2002-27BC_#20042,2.464775426,0.051666865,0.712470295,0.012280473,0.652501592,-0.478364884,555298.5419,26528.92384,104884.4325,303833.8632,83904.0499,3190.937073,2649.158359,192.7686161,221.7448895,222.1940344,197.9868259,53.25456051,0,0
GM11_NBP2002-27BC_#20043,7.253220209,0.133864365,0.741901739,0.014249922,0.33997656,-0.563676307,1936024.013,6930.258692,101450.1028,303833.8632,132536.0801,343.8179836,184.9692578,566.1380446,221.1445455,231.1712086,193.1394446,100.016528,0,0
GM11_NBP2002-27BC_#20051,3.393883751,0.060088298,0.740673075,0.013708481,0.240605406,-0.731162862,1052142.707,10604.1551,108585.2489,303833.8632,119527.1076,850.1657234,488.5884044,389.8745675,323.2089092,339.1503552,285.4726294,89.87770361,0,1.63E-07
GM11_NBP2002-27BC_#20052,5.309943195,0.088794262,0.751311744,0.012093366,0.348781724,-0.580307128,1187610.104,8760.717434,102263.0176,303833.8632,126644.3766,549.4628224,414.6759355,391.950763,207.5617016,219.8622446,181.5457346,77.56630046,0.000295865,0
GM11_NBP2002-27BC_#20057,10.1755668,0.201887171,0.73423497,0.014403526,0.410948406,-0.627881807,1657091.911,4400.34435,104038.2136,303833.8632,130978.4406,1009.375562,767.1533645,547.0946319,153.0018547,158.2239078,132.2573162,34.6398771,0,1.03E-08
GM11_NBP2002-27BC_#20058,10.83689595,0.231094677,0.740273783,0.014610874,0.217358722,-0.675601581,1417993.837,5815.355014,104331.7777,303833.8632,132990.9591,549.715687,477.2620732,485.7313344,127.0806801,131.5597959,110.9651996,77.23403324,2.35E-05,0
GM11_NBP2002-27BC_#20059,2.024835652,0.037025148,0.715797384,0.012633334,0.25018963,-0.63229353,928632.3975,8347.891665,107651.1934,303833.8632,125780.7819,863.7417517,492.2962497,351.7694698,490.7401796,494.6393575,426.5948247,61.74077609,0,8.66E-10
GM11_NBP2002-27BC_#20060,0.185473243,0.020271418,0.710295627,0.012294703,-0.015339678,-0.883252903,168921.7862,50050.76694,159265.7531,303833.8632,15643.43602,53936.53088,45424.70426,65.56255686,1020.191939,1020.452858,1007.840366,24.62295512,5.63E-05,0
GM11_NBP2002-27BC_#20061,0.116706974,0.022519165,0.705929909,0.010974947,0.163275021,-0.767379246,120766.8364,36602.65787,197189.3492,303833.8632,13404.96856,94838.29011,83023.62256,51.09529422,1309.200634,1309.413722,1322.995508,10.27059993,0,7.12E-11
GM11_NBP2002-27BC_#20062,0.312075578,0.034906936,0.715554565,0.013204403,0.040735878,-0.865307438,149906.2108,48622.08524,172628.2559,303833.8632,12518.60086,66519.39683,57283.33087,59.17667844,542.400286,550.3900807,476.7810962,33.82192532,0,0
GM11_NBP2002-27BC_#20063,0.01143838,0.000753251,0.709221021,0.011101241,0.039687587,-0.920242157,14020.05763,43618.67152,188999.07,303833.8632,3775.655499,89164.65153,77676.83275,6.986080906,1746.998374,1746.422857,1754.401211,6.46141401,0,4.93E-12
GM11_NBP2002-27BC_#20064,0.335434065,0.015191331,0.706247323,0.013090216,0.130464586,-0.909296101,98488.70814,39457.55615,138839.6733,303833.8632,32848.33675,42624.08305,35950.02384,38.45141347,327.8254998,323.2207065,285.3747798,2.147108144,0.255960457,1.63E-12
GM11_NBP2002-27BC_#20065,2.559733763,0.061865685,0.713835524,0.01308072,0.141999234,-0.662621638,1088371.287,29155.55568,178290.4406,303833.8632,41069.66769,76563.47703,63542.65906,496.8819774,548.2640604,552.2373965,481.54112,9.022364476,9.43E-05,0
GM12_JR104-GC360_#20048,3.475238305,0.056693863,0.706848027,0.013384898,0.792937221,-0.230745085,416390.14,25097.78426,107503.3827,303833.8632,94449.18812,762.6302882,740.8066245,142.0465126,115.5993215,114.977784,101.0548053,40.71601811,6.79E-05,5.99E-11
GM12_JR104-GC360_#20049,0.672415195,0.011013321,0.709128036,0.012288494,0.153820724,-0.630824281,588177.8129,10007.19451,108506.992,303833.8632,119364.2709,780.5747275,530.2761207,219.1204195,920.2345874,916.2123849,927.0116958,47.78750246,0,0
GM12_JR104-GC360_#20050,7.871051332,0.134834679,0.714977953,0.011588316,0.396921607,-0.590348664,1298542.003,11490.92141,104826.0841,303833.8632,122338.6724,1345.54524,1096.311752,364.3513423,130.9128916,131.8437704,113.2124585,13.71999053,0,4.08E-10
GM12_JR104-GC360_#20051,13.39774518,0.214761535,0.7260665,0.016719836,0.172218963,0.121037137,1006813.373,22101.35145,100663.0844,303833.8632,101943.8241,577.2155783,411.3454013,273.8773195,57.84651218,59.26372289,50.43714401,35.50572276,0,0
GM12_JR104-GC360_#20052,4.156991164,0.071378288,0.700845557,0.010420288,0.263548938,-0.673856679,1022700.662,30070.56028,106770.0416,303833.8632,87049.60578,977.4761098,902.3640645,315.875715,215.0458186,212.3622929,186.9367892,16.73564335,0,6.08E-09
GM12_JR104-GC360_#20055,4.823285864,0.092812278,0.7151881,0.011706626,0.116268402,-0.569762035,1072286.568,18924.63938,108562.0289,303833.8632,112598.2369,1172.043824,787.8885894,301.569822,176.8245459,179.4243446,154.3785279,48.99372198,3.70E-05,0
GM12_JR104-GC360_#20056,11.06747114,0.243047184,0.711664568,0.015660685,0.47639634,-0.526968215,1400961.487,22454.20217,103958.8744,303833.8632,102915.9178,1124.456072,843.1137653,382.263128,97.9824705,97.9075279,84.47084164,19.36568701,0,7.70E-08
GM12_JR104-GC360_#20057,10.57159331,0.265872722,0.714791868,0.01305325,0.392635424,-0.679471188,1721132.556,11855.8467,105304.9571,303833.8632,123700.9789,994.8572553,594.2806356,452.1611431,121.5975294,122.5180209,104.7630069,50.68466904,3.11E-06,0
GM12_JR104-GC360_#20058,21.72197223,0.389149115,0.717642737,0.013222461,0.468086478,-0.45863684,1792566.871,12338.16047,106418.6937,303833.8632,123106.9395,607.6675452,562.3101156,530.9046722,69.14112217,69.81162793,60.43176089,53.67368619,0,0.000451778
GM12_JR104-GC360_#20061,1.927578547,0.030938375,0.704650223,0.013084267,0.268734334,-0.405111558,910771.4641,17595.10294,108178.5723,303833.8632,107597.8025,748.111664,510.8424744,289.6380398,424.5507907,424.3820567,378.4315246,34.94567585,8.05E-10,0
GM12_JR104-GC360_#20063,2.038787482,0.033321575,0.708495719,0.011802572,0.410099656,-0.538066653,884688.0983,9064.367731,106115.3262,303833.8632,125320.4932,440.0806266,179.9711359,287.8354159,399.1442797,397.9901847,348.9120346,39.44126181,0,0
GM12_JR104-GC360_#20067,1.410217876,0.031002306,0.707980773,0.013084475,0.244897567,-0.702064988,719363.2495,21586.74197,108722.5946,303833.8632,100512.7516,1271.029388,1029.645062,229.9914706,461.3964527,457.5292174,403.0584166,30.31179728,3.92E-11,0.000316993
GM12_JR104-GC360_#20068,5.272238987,0.086654954,0.709282149,0.011924773,0.457266985,-0.618228717,1506100.273,15541.46011,104379.9965,303833.8632,119215.0277,805.5599185,616.7421031,399.5717759,215.1221482,214.5025904,187.2174028,23.24399013,3.78E-11,0
GM12_JR104-GC360_#20070,14.44772987,0.279214417,0.716313961,0.012708625,0.365448241,-0.626091279,1295911.028,21906.08369,103613.9546,303833.8632,104124.6748,629.175473,534.6614974,356.0246981,69.91377638,70.4914097,60.87934267,43.47397567,0,1.51E-05
GM12_JR104-GC360_#20071,33.32539731,0.873981128,0.760896755,0.014918517,0.590429067,-0.733339956,1562630.794,15295.55512,105067.1558,303833.8632,115111.8747,546.0782094,424.4616381,458.2621821,39.1841177,42.10893213,34.5107948,3.683012728,8.38E-10,1.97E-05
GM12_JR104-GC360_#20072,15.31948807,0.253002333,0.71551216,0.013783576,0.161683403,-0.580563121,1065879.391,29722.24396,106943.6179,303833.8632,84865.84066,1058.819829,792.3839761,360.3684232,66.27032791,66.81682473,57.50664639,27.31805464,0,0
GM12_JR104-GC360_#20076,5.859678585,0.079430934,0.714788806,0.010245,0.306573221,-0.647603224,1392410.559,7225.601217,103931.4844,303833.8632,129551.2603,527.5181826,369.7652084,382.2043618,185.652524,187.0330185,161.130575,23.95292772,1.06E-08,0.000324441
GM12_JR104-GC360_#20078,3.279624481,0.050192184,0.706745291,0.012552815,0.313047909,-0.50972235,930528.3691,14684.2837,105330.3627,303833.8632,112496.5202,323.9035829,360.2870645,313.4686059,270.2411522,268.4934208,236.3472319,16.38301761,0,0
GM12_JR104-GC360_#20082,0.35788279,0.009222636,0.704259883,0.011554106,0.278643404,-0.826616783,134807.6864,27547.55755,93224.54865,303833.8632,20839.12257,31775.21077,25362.93607,40.3636106,317.3947249,314.4348961,277.6339682,10.07789797,4.931765307,1.044746298
GM12_JR104-GC360_#20083,0.008451387,0.001697985,0.706882305,0.013057244,-0.211400126,-0.294972212,6935.737931,51093.67779,179596.6797,303833.8632,2916.793246,77976.939,64366.79043,3.717327314,1225.437098,1218.112174,1221.726864,18.27014913,0,0.170901984
GM12_JR104-GC360_#20084,0.060691451,0.006341336,0.708456657,0.014387601,0.114944668,-0.46349933,36855.33684,57498.21325,151086.4547,303833.8632,5452.282481,47820.67174,38612.06532,16.54600378,770.5117136,767.3882589,728.9837513,14.34564032,3.27E-06,0
GM12_JR104-GC360_#20085,0.143894828,0.005061689,0.709337477,0.013262112,0.310390606,-0.844215757,66732.81754,59150.52683,151398.8244,303833.8632,11030.09692,51590.50805,40448.2223,28.67569326,565.1294668,563.41459,493.4616384,14.60375498,0,0
GM12_JR104-GC360_#20086,1.110320673,0.043615412,0.709550686,0.013123258,0.29289826,-0.866634479,435209.9395,50124.067,154961.7644,303833.8632,26995.06484,47072.76793,36724.3925,174.2983059,446.8690993,445.5753482,392.009801,6.188563578,4.00E-05,0.000466729
GM12_JR104-GC360_#20087,0.013899334,0.002213198,0.704972836,0.011404541,-0.015478169,-0.875309989,13901.26621,63087.33158,147611.5226,303833.8632,2261.641826,43462.27515,34644.66689,6.062602016,1234.298355,1223.20068,1235.173643,13.94831233,0,0
GM12_JR179-BC512_#20021,7.064512184,0.117099754,0.715736331,0.012906057,0.556786187,-0.399151142,953452.6822,18080.34047,105671.9174,303833.8632,113099.0703,324.3499123,280.5061993,291.9512617,116.3415146,116.9665092,102.152993,27.16396508,0.000511456,1.50E-05
GM12_JR179-BC512_#20030,5.678310868,0.095493424,0.708950938,0.011229128,0.60364808,-0.542230899,1028352.009,29518.0272,105132.8782,303833.8632,93370.75803,1160.150885,955.9360563,269.0368184,133.8992713,133.8380687,118.2222982,9.692105565,1.192108608,0.097153533
GM12_JR179-BC512_#20032,131.5612991,4.055931381,0.874486073,0.029587853,-0.14817853,-0.480461583,1251650.712,8604.227229,64981.97923,303833.8632,78257.23267,158.1747842,74.69859693,277.8685585,6.039607559,7.387624974,5.200218084,11.06634644,8.81222634,2.794430027
GM12_JR179-BC512_#20033,30.79230625,0.74253065,0.714215138,0.018736286,0.531520997,-0.440923434,1158409.018,7082.389612,106860.1427,303833.8632,133041.9611,329.7559568,211.8551158,382.2426997,35.12312137,35.18209102,30.31952359,12.01571285,0,0.000606281
GM12_JR179-BC512_#20034,29.14440406,0.685302115,0.741936637,0.017315232,0.341160456,-0.72473618,1365221.379,28566.30228,104457.177,303833.8632,88990.95355,1526.717329,1300.705419,407.7357956,39.66614035,41.29497244,34.68110367,11.50789256,8.89E-06,0.000218183
GM12_JR179-BC512_#20088,0.061727705,0.005860014,0.705182961,0.013749829,0.001859486,-0.855725098,27645.2914,63933.49525,140251.284,303833.8632,5958.624952,35429.2712,28014.29306,11.45840233,530.8422137,525.0655748,462.5156263,8.392583789,0,0
GM12_JR179-BC512_#20089,0.635581576,0.025303283,0.708408435,0.012541218,0.326015295,-0.894361619,186931.1697,59864.50882,147789.6887,303833.8632,22345.00075,27256.40911,21409.05361,77.13750614,345.6720641,342.0113017,301.6581707,3.109756868,0.000142319,2.08E-05
GM12_JR179-BC512_#20090,0.242468963,0.00646536,0.705827786,0.011969319,0.427342585,-0.692880682,157024.249,52262.81469,162807.8278,303833.8632,14815.89829,49403.96058,38380.26044,77.01233842,895.2751154,890.58722,869.7547994,3.539004924,0,0
GM12_JR179-BC512_#20091,0.052126375,0.003104143,0.709044587,0.012639365,0.102555442,-0.936185611,63212.34186,46514.17697,186417.4543,303833.8632,5931.175754,77163.19841,62114.76965,34.07337749,1842.677331,1834.840562,1842.182448,4.593155826,0,1.82E-06
GM12_JR179-BC512_#20092,0.279545664,0.013109758,0.706366688,0.013100437,0.121664127,-0.908941166,167980.9038,41602.8135,186575.6513,303833.8632,20663.30939,66346.76711,52261.49319,87.24196828,887.0237215,875.3502616,839.2094673,4.059191708,0,0.151037932
GM12_JR179-BC512_#20093,0.08214977,0.008698634,0.70666521,0.012747061,0.185833575,-0.852008627,59241.03897,45364.34686,169639.3259,303833.8632,13481.71691,75984.68819,58596.42922,30.1330694,1036.609925,1029.066124,1029.92434,9.043833569,0.000176569,1.80E-06
MSG_Kfs_#20004,27.94262052,0.518543309,0.863267627,0.017463303,0.440773447,-0.468278812,2188644.408,3525.271066,105143.7917,303833.8632,139902.7774,211.5551485,157.9806334,634.5906622,64.30293009,77.9766137,56.62271656,6.66043386,9.27E-06,2.10E-05
MSG_Kfs_#20005,7.983681571,0.197803487,0.756315964,0.012596419,0.222693666,-0.796328096,1156573.519,10089.66113,105454.54,303833.8632,126796.7614,699.1546646,469.1951396,341.8775287,121.7353831,129.4923717,106.2490324,13.88119397,0,0
MSG_Kfs_#20006,4.875602509,0.099381749,0.732662992,0.014773412,0.152048374,-0.140810741,1407070.55,8378.442393,104325.3155,303833.8632,133860.6307,300.2052517,201.1955149,361.2219928,209.9017441,216.272072,181.9123961,19.14325005,7.55E-07,0
MSG_Kfs_#20007,16.06916765,0.445947674,0.783396443,0.014225472,0.204232649,-0.015151649,1806976.242,3574.447933,101315.7634,303833.8632,143406.1962,327.7827653,223.8309418,471.1806501,83.88247377,92.58711056,72.45226359,12.21261497,0,1.29E-05
MSG_Kfs_#20008,29.29386498,0.996732682,0.878559512,0.017700431,0.413031844,-0.823055938,1752128.687,2541.024513,102606.1432,303833.8632,137366.9561,249.1955445,229.4254096,482.3571477,47.05632003,57.97045102,41.34363956,5.371193503,3.56E-06,0
MSG_Kfs_#20009,5.333933419,0.168603617,0.735126695,0.012992011,0.080507679,-0.876095215,1341851.004,7744.310841,102986.1601,303833.8632,128885.5953,518.4187284,375.5911082,350.4806207,186.3996654,192.6236711,164.6951108,20.87680249,0,0
MSG_Kfs_#20010,12.82153777,0.245378372,0.792803846,0.016044823,0.345210543,-0.544292724,1055354.329,8819.566742,104796.6968,303833.8632,121801.2052,542.0694343,408.9327317,366.8842795,81.10855864,90.22461412,70.47208411,32.87511927,6.25E-05,4.39E-05
MSG_Kfs_#20011,22.58050617,0.489707458,0.826074493,0.014935827,0.701445853,-0.565588142,1700083.176,6408.362767,101812.5331,303833.8632,129393.2811,481.4619154,309.2836964,453.3160145,57.22161593,66.54706711,49.35399518,14.35920864,2.745584518,0
MSG_Kfs_#20012,6.184852704,0.212721349,0.74186696,0.014568692,0.421201499,-0.811633794,1004955.387,20717.01871,104031.6428,303833.8632,104116.2517,1131.634908,814.6898225,307.9955935,142.5897468,148.0404111,123.8584004,14.3066242,0,0
MSG_Kfs_#20013,7.005253521,0.218903047,0.737088315,0.01312969,0.289557681,-0.818588997,1409944.492,13505.90322,106545.9039,303833.8632,123142.885,488.7416335,430.4380809,389.6912317,158.0101373,163.766423,136.8306207,13.56726703,5.12E-05,0
MSG_Kfs_#20014,12.52683279,0.228730421,0.77924721,0.016194913,0.410387311,-0.462181286,1213739.424,16230.82566,102895.9287,303833.8632,109392.9348,906.2455725,623.4023129,358.4016525,81.0580099,88.5966802,70.35408186,38.63281369,0,0.000414649
MSG_Kfs_#20015,11.61473227,0.358251097,0.778315533,0.016040962,0.043382882,-0.66977394,1315264.259,11326.77659,103409.9266,303833.8632,121410.8629,648.0320104,385.9832441,394.0955096,95.41780948,105.8590643,85.05620445,25.90883228,4.22E-06,0
MSG_Kfs_#20016,6.028796277,0.095772631,0.738623974,0.011076063,0.375789379,-0.594848861,1499655.667,7012.270982,102284.007,303833.8632,137542.3977,357.1428329,412.6358957,433.5810798,203.4150814,211.220848,177.2244292,32.26061974,0,0
MSG_Kfs_#20017,8.771395785,0.374636138,0.752049048,0.013567939,0.14732644,-0.901436889,1374948.317,6440.716111,104042.3533,303833.8632,133437.9456,641.1122657,481.3772204,390.3967596,129.6671604,136.9340215,113.0072537,13.2016991,0,0
MSG_Kfs_#20018,10.64956924,0.47213407,0.767212362,0.01324118,0.256269314,-0.928516513,1564646.233,4543.23417,104145.6736,303833.8632,139270.2288,546.1514098,419.9214765,435.4980651,119.2626265,128.3627803,104.390576,19.06114752,3.24E-06,0
MSG_Kfs_#20019,12.88165346,0.349858325,0.788077421,0.013451651,0.198631857,-0.626672472,1428701.393,5656.092261,105077.554,303833.8632,137150.8987,387.9544027,214.6077331,400.7918807,88.31014833,97.65932633,77.51543429,37.83234577,0,0.000202281
MSG_Kfs_#20020,11.3713985,0.245183058,0.77279789,0.012527968,0.152955015,-0.759592337,1757720.227,5833.521157,97663.31966,303833.8632,141974.966,263.2801921,188.6474134,438.9934855,109.4678242,119.0593696,95.78672674,22.42290064,3.61E-05,0
MSG_Kfs_#20021,11.00032841,0.310717294,0.768955882,0.014257266,0.26523596,-0.800919548,1611594.472,3369.099204,102016.428,303833.8632,141104.037,8135.472057,6290.487614,456.782825,117.7338018,128.1884526,102.1688585,23.72183493,0,1.49E-05
MSG_Kfs_#20022,4.000230954,0.083761304,0.730269791,0.014474222,0.403423181,-0.587369798,994779.9449,12949.93263,101485.513,303833.8632,119566.1038,2041.210819,1665.117691,280.4217892,198.9869461,203.5831391,175.2286897,31.88954639,0,0
MSG_Kfs_#20023,4.643787313,0.167274547,0.733636671,0.012892325,0.258838387,-0.869569028,1071907.295,20373.26699,105811.6762,303833.8632,114744.4472,1681.371565,1314.662236,303.4263773,186.3605866,191.9284351,162.5306835,16.83502612,4.11E-05,1.12E-06
MSG_Kfs_#20024,10.05335016,0.205547342,0.768293456,0.01609808,0.335421623,-0.577404317,1556075.605,5464.098688,105317.6239,303833.8632,130256.7583,459.4528026,329.5682534,464.9068177,131.170727,141.4417384,116.0024865,28.04029753,0,0
MSG_Kfs_#20025,13.70671256,0.246185617,0.795732305,0.01843788,0.130396645,-0.651324599,2052369.869,5719.753565,104510.3602,303833.8632,132987.3542,537.1176631,276.2113976,516.2645455,106.223469,118.5284358,93.87835826,20.98876763,3.20E-06,1.29E-06
MSG_Kfs_#20026,14.16117861,0.51386668,0.793256309,0.01606508,0.3200784,-0.619152874,1745354.766,7066.501881,100993.055,303833.8632,133885.1453,349.9904441,278.6719155,455.9018799,91.1104205,101.5760678,80.00876103,22.08657935,0,0
MSG_Kfs_#20027,15.08377512,0.505480079,0.802735881,0.019455526,0.249358573,-0.715800687,1529941.1,8188.741075,106254.4398,303833.8632,132496.9977,1317.172724,932.9700575,429.3219891,80.87052423,91.30952157,70.63221901,12.02199256,7.29E-06,1.85E-05
MSG_Plag_#20028,0.043508269,0.00168995,0.716486004,0.014983119,0.196868743,-0.808561899,26575.62345,50419.12624,162795.8894,303833.8632,16052.70821,45438.39357,36610.02585,12.74225882,831.9942275,832.5810554,798.3613334,12.67217507,0,0
MSG_Plag_#20029,0.091880423,0.002525372,0.713632989,0.015726173,0.1793907,-0.738924276,36057.74949,68553.08175,120498.4826,303833.8632,14468.71507,12218.70929,9138.653279,13.44467861,414.4547618,414.2932033,364.2707079,1.735550514,0.000199668,0.000344922
MSG_Plag_#20030,0.052935824,0.002893423,0.708557029,0.015430671,-0.533642448,-0.552571699,32600.23397,55091.61424,148008.1743,303833.8632,18586.84189,38760.25371,29054.77787,14.50054013,780.8841674,774.8183226,739.2581654,13.33371386,0,0
MSG_Plag_#20031,0.039732327,0.001179658,0.714603396,0.015466283,0.23026063,-0.753188956,24085.99763,55448.67688,160278.8558,303833.8632,11300.37883,49846.78224,39052.3614,11.60304013,828.6588498,833.4985134,796.3372069,12.97671754,0,0
MSG_Plag_#20032,0.030859339,0.001218846,0.709003323,0.012738827,0.236676038,-0.88506941,25500.23763,47815.02836,176416.3788,303833.8632,13680.59353,63087.2429,48838.07633,0,1165.979238,1160.642704,1164.439627,12.62881165,0,0.000528136
MSG_Plag_#20033,0.050675013,0.004043799,0.715053002,0.014698777,0.124961707,-0.856504673,28827.23368,56174.55486,152277.0279,303833.8632,13308.62864,43224.68844,33901.74467,13.4196296,771.6447424,758.8407796,688.4442328,20.24308126,1.775873232,0.917137278
MSG_Plag_#20034,0.054015339,0.002019817,0.705083659,0.014070557,0.172508154,-0.867278136,30317.44441,55981.31717,153480.0252,303833.8632,14458.47281,41318.52315,31837.37581,13.2558968,695.8241066,688.4212662,618.0036321,12.56895544,0.67961401,9.74E-05
MSG_Plag_#20035,0.095560424,0.007808486,0.69854876,0.014880171,0.173148259,-0.893018059,22900.19288,70637.0503,119704.9775,303833.8632,8057.223035,13930.60556,10336.37465,9.121972249,270.1541367,264.1236934,235.6992084,2.699993421,0.000206625,0
MSG_Bt_#20036,652.0445077,34.56173474,4.504624291,0.189153319,0.783281443,-0.544079306,1774296.677,,,,,,,,,,,,,
MSG_Bt_#20037,521.2941861,29.51218396,3.857510586,0.211456425,0.815543448,-0.241833852,1766416.488,,,,,,,,,,,,,
MSG_Bt_#20038,519.581953,18.55567071,3.810988354,0.147974514,0.776841556,-0.134541552,1967044.281,,,,,,,,,,,,,
MSG_Bt_#20039,1047.565032,58.95732198,7.274369874,0.418521582,0.891002103,-0.32111995,1620540.698,,,,,,,,,,,,,
MSG_Bt_#20040,989.0914149,40.81784333,6.622376581,0.35452252,0.494352549,0.032348875,2099945.631,,,,,,,,,,,,,
MSG_Bt_#20041,570.0851462,28.13219725,4.224976766,0.196721789,0.773661383,-0.410677632,2231962.341,,,,,,,,,,,,,
MSG_Bt_#20042,1248.303655,76.35419238,8.509685106,0.571673277,0.431834589,-0.087295473,1872767.658,,,,,,,,,,,,,
MSG_Bt_#20043,175.4380275,4.560002576,1.805123697,0.061366205,0.739827465,-0.078763548,1344476.8,,,,,,,,,,,,,
SG2_Kfs_#20004,0.852623692,0.01756234,0.712202954,0.014403036,0.354922149,-0.587131504,905276.1327,23462.63683,106884.473,303833.8632,95585.12672,3229.611494,2134.877344,294.5168133,974.9302682,972.8840242,972.9489326,90.1285341,0,3.05E-05
SG2_Kfs_#20005,1.365934113,0.031261589,0.718487007,0.016024301,0.139738953,-0.672537332,1121491.663,21447.43069,104363.4458,303833.8632,106338.3123,846.679433,664.500424,372.7615053,778.9257746,783.9229619,773.0458521,82.08541254,0.000233177,0
SG2_Kfs_#20006,0.944066393,0.021510899,0.716584011,0.015550456,0.26303909,-0.638854344,884719.1661,27546.09832,108346.064,303833.8632,91413.34464,1597.790908,1231.494658,283.7448301,852.681289,857.4007442,852.9866455,75.91402999,0,0
SG2_Kfs_#20007,0.867750366,0.016804638,0.717134082,0.014791788,0.090900836,-0.351913039,964947.0095,17634.75569,105087.5446,303833.8632,108816.5102,1021.76737,644.706346,307.5618517,1005.391224,1009.852575,1013.375785,91.77208254,0,1.59E-05
SG2_Kfs_#20008,1.0865718,0.022454067,0.715159002,0.014575936,0.279550823,-0.615157216,969042.3231,26444.5873,112825.5346,303833.8632,87137.35225,8309.360337,6017.630933,336.9650308,874.3168415,876.431039,872.5420715,80.68336709,6.24E-05,0
SG2_Kfs_#20009,1.100687373,0.026795701,0.712856938,0.014012969,0.293644548,-0.696661776,1445499.002,18123.9074,104774.638,303833.8632,110155.9925,1203.336255,874.3632909,426.8473574,1094.293769,1094.756629,1095.550526,112.10921,0,0.000211501
SG2_Kfs_#20010,1.251639459,0.026684014,0.71845264,0.014508924,0.284084418,-0.634987629,1183763.426,17934.72757,105883.5853,303833.8632,106214.9505,1211.07595,831.4447104,405.9617097,919.9310237,926.5569732,922.2602539,87.05733459,3.44E-06,0
SG2_Kfs_#20011,2.230909821,0.050042445,0.729874075,0.015372028,0.356427412,-0.604887772,1796374.341,15564.26771,106215.7168,303833.8632,110815.3126,915.7667228,777.0762659,521.3448903,662.4586678,674.4060828,667.174369,95.66986155,2.13E-06,0
SG2_Kfs_#20012,0.983048495,0.019834588,0.719450207,0.015583213,0.214525984,-0.547701396,1070735.229,19063.38794,108267.6301,303833.8632,105823.287,858.5026363,681.4895657,336.5171208,972.9090761,981.9662103,979.2573296,84.57349818,0,0
SG2_Kfs_#20013,0.974315569,0.020261824,0.716638506,0.016409021,0.251923095,-0.578758048,1020157.871,17502.9732,107690.9544,303833.8632,110560.9125,1110.003036,755.5241633,316.709134,922.6681161,926.0695052,915.0379277,89.22334667,4.67E-05,0
SG2_Kfs_#20014,1.551478788,0.031936797,0.719272061,0.014562151,0.387655408,-0.578706993,1372453.148,14965.4291,106619.397,303833.8632,112036.1431,1013.738581,650.6370686,444.3503317,807.4911837,820.1819445,808.4664569,81.90593863,0,0.000231001
SG2_Kfs_#20015,2.975123515,0.082011329,0.727513125,0.013355799,0.28848461,-0.709228515,2158922.767,9588.352112,105906.3141,303833.8632,124722.0669,561.6570898,522.5766492,668.9606445,637.386624,650.5898007,639.609538,69.61861546,0,0
SG2_Kfs_#20016,2.840002335,0.059731058,0.725641999,0.013303203,0.516712512,-0.556588999,1516085.927,30141.14815,104125.476,303833.8632,87850.46674,1451.334704,1030.510989,506.5997698,505.6384828,515.5663337,444.9732237,97.32057245,7.32E-05,8.39E-05
SG2_Kfs_#20017,1.125758451,0.024221334,0.719844729,0.015638265,0.353554481,-0.582233285,1017596.163,20373.33163,107931.091,303833.8632,101442.4394,979.2887482,683.7900395,382.8373544,961.5739239,969.0693635,970.576047,85.68756425,0,0
SG2_Kfs_#20018,1.800680154,0.029715867,0.722162913,0.014529392,0.223761454,-0.539541171,1384181.496,17089.70397,106094.4272,303833.8632,108869.8523,898.7698214,642.4361367,468.85387,736.2604915,746.1185482,739.3705241,70.86934522,0,0.116288809
SG2_Kfs_#20019,0.984534763,0.018736293,0.711382136,0.014250096,0.263576414,-0.596427039,1022796.221,20092.68926,104259.0691,303833.8632,99855.41225,1291.710025,1062.853278,307.759258,886.0026503,883.6155815,889.2600688,86.48650363,4.26E-05,0.159003026
SG2_Kfs_#20020,1.112994201,0.019037423,0.710384431,0.013773978,0.463550573,-0.577519381,993123.2786,23995.93994,108255.149,303833.8632,94899.32265,1642.665987,1290.162286,337.2926812,865.7443715,857.443303,853.8068708,81.25963655,3.10E-05,6.46E-05
SG2_Kfs_#20021,1.49715273,0.02785041,0.71848239,0.014755623,0.188324524,-0.598449709,1301437.392,24376.80883,109094.0441,303833.8632,95991.76881,1463.493145,1030.449969,432.0634569,822.3414954,826.7538367,817.174786,88.89959442,0,0
SG2_Kfs_#20022,1.699061031,0.034163353,0.720201396,0.014218102,0.267053294,-0.619777481,1383722.498,18470.07071,107474.2006,303833.8632,105683.346,876.3677824,662.2582424,496.4793669,822.4750348,836.2376608,830.1066331,89.25314928,0,6.54E-06
SG2_Kfs_#20023,0.939688819,0.017609718,0.717816367,0.013705059,0.209051095,-0.635048289,987193.4163,16722.67569,105806.7274,303833.8632,107283.7559,757.1632827,607.5327735,337.6677699,1019.568689,1026.315526,1026.534651,94.27731779,4.55E-05,0
SG2_Kfs_#20024,1.335569791,0.029544394,0.719092192,0.013031309,0.220942308,-0.66586114,1088673.788,20096.46413,106608.1967,303833.8632,105701.6196,1112.241163,667.9778428,384.1799476,814.6951245,822.6195532,817.8515034,85.91906699,0,3.14E-05
SG2_Kfs_#20025,1.276329809,0.025362528,0.713907118,0.013711511,0.336425569,-0.435645735,968633.4861,23685.09072,104842.7467,303833.8632,94577.09347,1658.960632,1156.21007,348.8464745,774.465194,775.7805297,774.4006579,76.59608836,3.40E-06,0
SG2_Kfs_#20026,1.525253548,0.024879657,0.723318243,0.013192624,0.215229885,-0.706185526,1214399.037,20092.22636,107028.2311,303833.8632,99394.63145,1419.504397,841.8892877,475.8347249,882.0572586,900.3468185,889.9074037,94.58596564,0,0.000476104
SG2_Kfs_#20027,1.237198841,0.023755942,0.714901995,0.015702462,0.345755093,-0.247830913,1183584.988,17690.34577,104404.6011,303833.8632,107758.1245,987.7838485,768.5507346,358.5238936,815.7044878,821.594364,814.5590239,88.26943628,2.40E-07,0
SG2_Plag_#20028,0.14407927,0.003037898,0.710444101,0.014885668,0.329142501,-0.594181206,149340.7402,59287.48814,144020.8884,303833.8632,12140.48274,39503.80745,29069.61351,59.37781265,1167.930998,1163.469696,1168.413315,21.28011043,0,0
SG2_Plag_#20029,0.271032513,0.008975164,0.716065086,0.014004841,0.090206261,-0.843628004,276725.6188,59193.32969,143912.467,303833.8632,15004.29195,39417.33806,29855.50858,113.4902212,1189.795093,1194.686785,1200.582639,27.90420522,1.98E-08,0.000519659
SG2_Plag_#20030,0.432273027,0.011763144,0.717940374,0.016815218,0.099994207,-0.729921631,421561.1937,62729.24595,140989.852,303833.8632,20824.77731,12245.9321,9721.403393,171.6029461,1132.568052,1138.83867,1133.938658,7.648848588,0,0
SG2_Plag_#20031,0.372123473,0.008302609,0.71821271,0.015793338,0.374877597,-0.521708073,349139.7771,57618.04701,153183.9352,303833.8632,23605.65491,31414.09875,24064.71723,141.9506792,1082.495269,1094.746391,1095.756955,17.21202938,1.62E-09,0.666909745
SG2_Plag_#20032,0.583142292,0.016335689,0.719159093,0.015838921,0.332123258,-0.706789701,408683.0781,41162.21806,156561.9437,303833.8632,19749.53193,74036.85491,57501.23918,159.3358978,775.5269778,781.9610605,780.6860024,63.8892493,0,0
SG2_Plag_#20033,0.225657261,0.005258384,0.714511022,0.014853556,0.200200326,-0.684766401,206756.8654,63089.22136,144165.7063,303833.8632,14659.34127,31522.48535,24042.73249,85.68977397,1076.74181,1078.483656,1085.425638,18.5964961,3.62E-09,0.00045285
SG2_Plag_#20034,0.481551517,0.024449361,0.713185703,0.013345713,0.12412481,-0.932337596,376450.2997,58481.03707,145875.6744,303833.8632,14549.81201,48791.18003,36992.1124,164.2440827,975.5104344,975.7670962,987.1433602,25.66840103,0,0
SG2_Plag_#20035,0.344178437,0.011378038,0.71269107,0.013131343,0.116511839,-0.858934708,319903.1785,57145.31012,147601.6764,303833.8632,20177.74026,36042.18961,28690.87659,129.5841251,1075.204767,1077.062893,1074.066473,26.30148363,4.23E-08,0
SG2_Bt_#20036,1376.648157,59.52487744,8.355779917,0.385858051,0.917946097,-0.097391434,3746531.132,,,,,,,,,,,,,
SG2_Bt_#20037,361.3351828,10.31238265,2.704896943,0.080613615,0.867299639,-0.276911904,4214810.772,,,,,,,,,,,,,
SG2_Bt_#20038,703.0971069,30.83823734,4.537902047,0.174167432,0.864793496,-0.355522679,3163827.778,,,,,,,,,,,,,
SG2_Bt_#20039,370.1017825,26.66572383,2.721687536,0.128013745,0.891531839,-0.703501684,2959550.701,,,,,,,,,,,,,
SG2_Bt_#20040,99.73650875,5.783170118,1.221188329,0.035346822,0.811988995,-0.814892678,4502191.461,,,,,,,,,,,,,
SG2_Bt_#20041,1034.796735,38.38177924,6.463718421,0.262413786,0.836781406,-0.265616787,3065260.724,,,,,,,,,,,,,
SG2_Bt_#20042,751.3189826,27.02246022,4.932144719,0.160557327,0.772310488,-0.547394164,5033420.051,,,,,,,,,,,,,
SG2_Bt_#20043,1073.623607,66.98029058,6.633639244,0.409533832,0.934627917,-0.302453615,3647542.699,,,,,,,,,,,,,
